<?xml version="1.0" encoding="UTF-8"?>
<rss version="2.0" xmlns:ror="http://rorweb.com/0.1/" >
<channel>
  <title>ROR Sitemap for https://bioquanti.netlify.app/</title>
  <link>https://bioquanti.netlify.app/</link>

<item>
     <link>https://bioquanti.netlify.app/</link>
     <title>bioQuanti</title>
     <description>A highly-customizable Hugo academic resume theme powered by Wowchemy website builder.</description>
     <ror:updatePeriod></ror:updatePeriod>
     <ror:sortOrder>0</ror:sortOrder>
     <ror:resourceOf>sitemap</ror:resourceOf>
</item>
<item>
     <link>https://bioquanti.netlify.app/en/</link>
     <title>bioQuanti</title>
     <description>A highly-customizable Hugo academic resume theme powered by Wowchemy website builder.</description>
     <ror:updatePeriod></ror:updatePeriod>
     <ror:sortOrder>1</ror:sortOrder>
     <ror:resourceOf>sitemap</ror:resourceOf>
</item>
<item>
     <link>https://bioquanti.netlify.app/uploads/sismabook/</link>
     <title>SISMA - Dinâmica Visual de Transformações</title>
     <description>SISMA - Dinâmica Visual de Transformações</description>
     <ror:updatePeriod></ror:updatePeriod>
     <ror:sortOrder>1</ror:sortOrder>
     <ror:resourceOf>sitemap</ror:resourceOf>
</item>
<item>
     <link>https://bioquanti.netlify.app/uploads/textbook/</link>
     <title>Bioquímica básica, de gente, de bicho, e de planta</title>
     <description>Bioquímica básica, de gente, de bicho, e de planta</description>
     <ror:updatePeriod></ror:updatePeriod>
     <ror:sortOrder>1</ror:sortOrder>
     <ror:resourceOf>sitemap</ror:resourceOf>
</item>
<item>
     <link>https://bioquanti.netlify.app/uploads/erbook/</link>
     <title>Produção de Documentos Dinâmicos Com R &amp;amp; RStudio</title>
     <description>Produção de Documentos Dinâmicos Com R &amp;amp; RStudio</description>
     <ror:updatePeriod></ror:updatePeriod>
     <ror:sortOrder>1</ror:sortOrder>
     <ror:resourceOf>sitemap</ror:resourceOf>
</item>
<item>
     <link>https://bioquanti.netlify.app/uploads/outras/</link>
     <title>Outras Ferramentas Educacionais Para Bioquímica</title>
     <description>Outras Ferramentas Educacionais Para Bioquímica</description>
     <ror:updatePeriod></ror:updatePeriod>
     <ror:sortOrder>1</ror:sortOrder>
     <ror:resourceOf>sitemap</ror:resourceOf>
</item>
<item>
     <link>https://bioquanti.netlify.app/uploads/jmolbook/</link>
     <title>Jmol - Visualização De Modelos Moleculares</title>
     <description>Jmol - Visualização De Modelos Moleculares</description>
     <ror:updatePeriod></ror:updatePeriod>
     <ror:sortOrder>1</ror:sortOrder>
     <ror:resourceOf>sitemap</ror:resourceOf>
</item>
<item>
     <link>https://bioquanti.netlify.app/uploads/biqbook/</link>
     <title>R &amp;amp; Rstudio - Relações Matemáticas &amp;amp; Gráficas</title>
     <description>R &amp;amp; Rstudio - Relações Matemáticas &amp;amp; Gráficas</description>
     <ror:updatePeriod></ror:updatePeriod>
     <ror:sortOrder>1</ror:sortOrder>
     <ror:resourceOf>sitemap</ror:resourceOf>
</item>
<item>
     <link>https://bioquanti.netlify.app/uploads/sismabook/index-en</link>
     <title>SISMA - Visual Dynamics of Transformations</title>
     <description>SISMA - Visual Dynamics of Transformations</description>
     <ror:updatePeriod></ror:updatePeriod>
     <ror:sortOrder>2</ror:sortOrder>
     <ror:resourceOf>sitemap</ror:resourceOf>
</item>
<item>
     <link>https://bioquanti.netlify.app/uploads/jmolbook/index-en</link>
     <title>Jmol: A Molecular Visualization Tool</title>
     <description>Jmol: A Molecular Visualization Tool</description>
     <ror:updatePeriod></ror:updatePeriod>
     <ror:sortOrder>2</ror:sortOrder>
     <ror:resourceOf>sitemap</ror:resourceOf>
</item>
<item>
     <link>https://bioquanti.netlify.app/uploads/biqbook/index-en</link>
     <title>R &amp;amp; Rstudio - Mathematical and Graphical Relationships</title>
     <description>R &amp;amp; Rstudio - Mathematical and Graphical Relationships</description>
     <ror:updatePeriod></ror:updatePeriod>
     <ror:sortOrder>2</ror:sortOrder>
     <ror:resourceOf>sitemap</ror:resourceOf>
</item>
<item>
     <link>https://bioquanti.netlify.app/uploads/outras/index-en</link>
     <title>Some Open Teaching Resources for Biochemistry and Related Fields</title>
     <description>Some Open Teaching Resources for Biochemistry and Related Fields</description>
     <ror:updatePeriod></ror:updatePeriod>
     <ror:sortOrder>2</ror:sortOrder>
     <ror:resourceOf>sitemap</ror:resourceOf>
</item>
<item>
     <link>https://bioquanti.netlify.app/uploads/textbook/agua</link>
     <title>Bioquímica básica, de gente, de bicho, e de planta - 1&amp;nbsp; Água e eletrólitos</title>
     <description>Bioquímica básica, de gente, de bicho, e de planta - 1&amp;nbsp; Água e eletrólitos</description>
     <ror:updatePeriod></ror:updatePeriod>
     <ror:sortOrder>2</ror:sortOrder>
     <ror:resourceOf>sitemap</ror:resourceOf>
</item>
<item>
     <link>https://bioquanti.netlify.app/uploads/textbook/funcoes</link>
     <title>Bioquímica básica, de gente, de bicho, e de planta - 2&amp;nbsp; Funções Químicas</title>
     <description>Bioquímica básica, de gente, de bicho, e de planta - 2&amp;nbsp; Funções Químicas</description>
     <ror:updatePeriod></ror:updatePeriod>
     <ror:sortOrder>2</ror:sortOrder>
     <ror:resourceOf>sitemap</ror:resourceOf>
</item>
<item>
     <link>https://bioquanti.netlify.app/uploads/textbook/phpka</link>
     <title>Bioquímica básica, de gente, de bicho, e de planta - 3&amp;nbsp; pH e Solução Tampão</title>
     <description>Bioquímica básica, de gente, de bicho, e de planta - 3&amp;nbsp; pH e Solução Tampão</description>
     <ror:updatePeriod></ror:updatePeriod>
     <ror:sortOrder>2</ror:sortOrder>
     <ror:resourceOf>sitemap</ror:resourceOf>
</item>
<item>
     <link>https://bioquanti.netlify.app/uploads/textbook/sangue</link>
     <title>Bioquímica básica, de gente, de bicho, e de planta - 4&amp;nbsp; Bioquímica do Sangue</title>
     <description>Bioquímica básica, de gente, de bicho, e de planta - 4&amp;nbsp; Bioquímica do Sangue</description>
     <ror:updatePeriod></ror:updatePeriod>
     <ror:sortOrder>2</ror:sortOrder>
     <ror:resourceOf>sitemap</ror:resourceOf>
</item>
<item>
     <link>https://bioquanti.netlify.app/uploads/textbook/aminoacid</link>
     <title>Bioquímica básica, de gente, de bicho, e de planta - 5&amp;nbsp; Aminoácidos</title>
     <description>Bioquímica básica, de gente, de bicho, e de planta - 5&amp;nbsp; Aminoácidos</description>
     <ror:updatePeriod></ror:updatePeriod>
     <ror:sortOrder>2</ror:sortOrder>
     <ror:resourceOf>sitemap</ror:resourceOf>
</item>
<item>
     <link>https://bioquanti.netlify.app/uploads/textbook/proteina</link>
     <title>Bioquímica básica, de gente, de bicho, e de planta - 6&amp;nbsp; Proteínas</title>
     <description>Bioquímica básica, de gente, de bicho, e de planta - 6&amp;nbsp; Proteínas</description>
     <ror:updatePeriod></ror:updatePeriod>
     <ror:sortOrder>2</ror:sortOrder>
     <ror:resourceOf>sitemap</ror:resourceOf>
</item>
<item>
     <link>https://bioquanti.netlify.app/uploads/textbook/enzimas</link>
     <title>Bioquímica básica, de gente, de bicho, e de planta - 7&amp;nbsp; Enzimas</title>
     <description>Bioquímica básica, de gente, de bicho, e de planta - 7&amp;nbsp; Enzimas</description>
     <ror:updatePeriod></ror:updatePeriod>
     <ror:sortOrder>2</ror:sortOrder>
     <ror:resourceOf>sitemap</ror:resourceOf>
</item>
<item>
     <link>https://bioquanti.netlify.app/uploads/textbook/cinetica</link>
     <title>Bioquímica básica, de gente, de bicho, e de planta - 8&amp;nbsp; Cinética Enzimática</title>
     <description>Bioquímica básica, de gente, de bicho, e de planta - 8&amp;nbsp; Cinética Enzimática</description>
     <ror:updatePeriod></ror:updatePeriod>
     <ror:sortOrder>2</ror:sortOrder>
     <ror:resourceOf>sitemap</ror:resourceOf>
</item>
<item>
     <link>https://bioquanti.netlify.app/uploads/textbook/inibicao</link>
     <title>Bioquímica básica, de gente, de bicho, e de planta - 9&amp;nbsp; Inibição Enzimática</title>
     <description>Bioquímica básica, de gente, de bicho, e de planta - 9&amp;nbsp; Inibição Enzimática</description>
     <ror:updatePeriod></ror:updatePeriod>
     <ror:sortOrder>2</ror:sortOrder>
     <ror:resourceOf>sitemap</ror:resourceOf>
</item>
<item>
     <link>https://bioquanti.netlify.app/uploads/textbook/carboidratos</link>
     <title>Bioquímica básica, de gente, de bicho, e de planta - 8&amp;nbsp; Carboidratos</title>
     <description>Bioquímica básica, de gente, de bicho, e de planta - 8&amp;nbsp; Carboidratos</description>
     <ror:updatePeriod></ror:updatePeriod>
     <ror:sortOrder>2</ror:sortOrder>
     <ror:resourceOf>sitemap</ror:resourceOf>
</item>
<item>
     <link>https://bioquanti.netlify.app/uploads/textbook/lipidios</link>
     <title>Bioquímica básica, de gente, de bicho, e de planta - 9&amp;nbsp; Lipídios</title>
     <description>Bioquímica básica, de gente, de bicho, e de planta - 9&amp;nbsp; Lipídios</description>
     <ror:updatePeriod></ror:updatePeriod>
     <ror:sortOrder>2</ror:sortOrder>
     <ror:resourceOf>sitemap</ror:resourceOf>
</item>
<item>
     <link>https://bioquanti.netlify.app/uploads/textbook/membranas</link>
     <title>Bioquímica básica, de gente, de bicho, e de planta - 10&amp;nbsp; Membranas biológicas</title>
     <description>Bioquímica básica, de gente, de bicho, e de planta - 10&amp;nbsp; Membranas biológicas</description>
     <ror:updatePeriod></ror:updatePeriod>
     <ror:sortOrder>2</ror:sortOrder>
     <ror:resourceOf>sitemap</ror:resourceOf>
</item>
<item>
     <link>https://bioquanti.netlify.app/uploads/textbook/bioenergetica</link>
     <title>Bioquímica básica, de gente, de bicho, e de planta - 11&amp;nbsp; Bioenergética</title>
     <description>Bioquímica básica, de gente, de bicho, e de planta - 11&amp;nbsp; Bioenergética</description>
     <ror:updatePeriod></ror:updatePeriod>
     <ror:sortOrder>2</ror:sortOrder>
     <ror:resourceOf>sitemap</ror:resourceOf>
</item>
<item>
     <link>https://bioquanti.netlify.app/uploads/textbook/glicolise</link>
     <title>Bioquímica básica, de gente, de bicho, e de planta - 12&amp;nbsp; Glicólise</title>
     <description>Bioquímica básica, de gente, de bicho, e de planta - 12&amp;nbsp; Glicólise</description>
     <ror:updatePeriod></ror:updatePeriod>
     <ror:sortOrder>2</ror:sortOrder>
     <ror:resourceOf>sitemap</ror:resourceOf>
</item>
<item>
     <link>https://bioquanti.netlify.app/uploads/textbook/krebs</link>
     <title>Bioquímica básica, de gente, de bicho, e de planta - 13&amp;nbsp; Ciclo de Krebs</title>
     <description>Bioquímica básica, de gente, de bicho, e de planta - 13&amp;nbsp; Ciclo de Krebs</description>
     <ror:updatePeriod></ror:updatePeriod>
     <ror:sortOrder>2</ror:sortOrder>
     <ror:resourceOf>sitemap</ror:resourceOf>
</item>
<item>
     <link>https://bioquanti.netlify.app/uploads/textbook/cadeiaresp</link>
     <title>Bioquímica básica, de gente, de bicho, e de planta - 14&amp;nbsp; Cadeia Respiratória</title>
     <description>Bioquímica básica, de gente, de bicho, e de planta - 14&amp;nbsp; Cadeia Respiratória</description>
     <ror:updatePeriod></ror:updatePeriod>
     <ror:sortOrder>2</ror:sortOrder>
     <ror:resourceOf>sitemap</ror:resourceOf>
</item>
<item>
     <link>https://bioquanti.netlify.app/uploads/textbook/gliconeog</link>
     <title>Bioquímica básica, de gente, de bicho, e de planta - 15&amp;nbsp; Gliconeogênese</title>
     <description>Bioquímica básica, de gente, de bicho, e de planta - 15&amp;nbsp; Gliconeogênese</description>
     <ror:updatePeriod></ror:updatePeriod>
     <ror:sortOrder>2</ror:sortOrder>
     <ror:resourceOf>sitemap</ror:resourceOf>
</item>
<item>
     <link>https://bioquanti.netlify.app/uploads/textbook/pentoses</link>
     <title>Bioquímica básica, de gente, de bicho, e de planta - 16&amp;nbsp; Via das Pentoses</title>
     <description>Bioquímica básica, de gente, de bicho, e de planta - 16&amp;nbsp; Via das Pentoses</description>
     <ror:updatePeriod></ror:updatePeriod>
     <ror:sortOrder>2</ror:sortOrder>
     <ror:resourceOf>sitemap</ror:resourceOf>
</item>
<item>
     <link>https://bioquanti.netlify.app/uploads/textbook/glicogenio</link>
     <title>Bioquímica básica, de gente, de bicho, e de planta - 17&amp;nbsp; Metabolismo do Glicogênio</title>
     <description>Bioquímica básica, de gente, de bicho, e de planta - 17&amp;nbsp; Metabolismo do Glicogênio</description>
     <ror:updatePeriod></ror:updatePeriod>
     <ror:sortOrder>2</ror:sortOrder>
     <ror:resourceOf>sitemap</ror:resourceOf>
</item>
<item>
     <link>https://bioquanti.netlify.app/uploads/textbook/fotossintese</link>
     <title>Bioquímica básica, de gente, de bicho, e de planta - 18&amp;nbsp; Fotossíntese</title>
     <description>Bioquímica básica, de gente, de bicho, e de planta - 18&amp;nbsp; Fotossíntese</description>
     <ror:updatePeriod></ror:updatePeriod>
     <ror:sortOrder>2</ror:sortOrder>
     <ror:resourceOf>sitemap</ror:resourceOf>
</item>
<item>
     <link>https://bioquanti.netlify.app/uploads/textbook/calvin</link>
     <title>Bioquímica básica, de gente, de bicho, e de planta - 19&amp;nbsp; Ciclo de Calvin, do Glioxilato, e Fotorrespiração</title>
     <description>Bioquímica básica, de gente, de bicho, e de planta - 19&amp;nbsp; Ciclo de Calvin, do Glioxilato, e Fotorrespiração</description>
     <ror:updatePeriod></ror:updatePeriod>
     <ror:sortOrder>2</ror:sortOrder>
     <ror:resourceOf>sitemap</ror:resourceOf>
</item>
<item>
     <link>https://bioquanti.netlify.app/uploads/textbook/vegeta2o</link>
     <title>Bioquímica básica, de gente, de bicho, e de planta - 20&amp;nbsp; Metabolismo Vegetal Secundário</title>
     <description>Bioquímica básica, de gente, de bicho, e de planta - 20&amp;nbsp; Metabolismo Vegetal Secundário</description>
     <ror:updatePeriod></ror:updatePeriod>
     <ror:sortOrder>2</ror:sortOrder>
     <ror:resourceOf>sitemap</ror:resourceOf>
</item>
<item>
     <link>https://bioquanti.netlify.app/uploads/textbook/toxicas</link>
     <title>Bioquímica básica, de gente, de bicho, e de planta - 21&amp;nbsp; Bioquímica de Plantas Tóxicas</title>
     <description>Bioquímica básica, de gente, de bicho, e de planta - 21&amp;nbsp; Bioquímica de Plantas Tóxicas</description>
     <ror:updatePeriod></ror:updatePeriod>
     <ror:sortOrder>2</ror:sortOrder>
     <ror:resourceOf>sitemap</ror:resourceOf>
</item>
<item>
     <link>https://bioquanti.netlify.app/uploads/textbook/frutos</link>
     <title>Bioquímica básica, de gente, de bicho, e de planta - 22&amp;nbsp; Bioquímica de Frutos e Hortaliças</title>
     <description>Bioquímica básica, de gente, de bicho, e de planta - 22&amp;nbsp; Bioquímica de Frutos e Hortaliças</description>
     <ror:updatePeriod></ror:updatePeriod>
     <ror:sortOrder>2</ror:sortOrder>
     <ror:resourceOf>sitemap</ror:resourceOf>
</item>
<item>
     <link>https://bioquanti.netlify.app/uploads/textbook/hormveg</link>
     <title>Bioquímica básica, de gente, de bicho, e de planta - 23&amp;nbsp; Hormônios Vegetais</title>
     <description>Bioquímica básica, de gente, de bicho, e de planta - 23&amp;nbsp; Hormônios Vegetais</description>
     <ror:updatePeriod></ror:updatePeriod>
     <ror:sortOrder>2</ror:sortOrder>
     <ror:resourceOf>sitemap</ror:resourceOf>
</item>
<item>
     <link>https://bioquanti.netlify.app/uploads/textbook/organoleptica</link>
     <title>Bioquímica básica, de gente, de bicho, e de planta - 24&amp;nbsp; Bioquímica de Frutos e Hortaliças</title>
     <description>Bioquímica básica, de gente, de bicho, e de planta - 24&amp;nbsp; Bioquímica de Frutos e Hortaliças</description>
     <ror:updatePeriod></ror:updatePeriod>
     <ror:sortOrder>2</ror:sortOrder>
     <ror:resourceOf>sitemap</ror:resourceOf>
</item>
<item>
     <link>https://bioquanti.netlify.app/uploads/textbook/solos</link>
     <title>Bioquímica básica, de gente, de bicho, e de planta - 25&amp;nbsp; Bioquímica dos Solos e Ciclo de Nutrientes</title>
     <description>Bioquímica básica, de gente, de bicho, e de planta - 25&amp;nbsp; Bioquímica dos Solos e Ciclo de Nutrientes</description>
     <ror:updatePeriod></ror:updatePeriod>
     <ror:sortOrder>2</ror:sortOrder>
     <ror:resourceOf>sitemap</ror:resourceOf>
</item>
<item>
     <link>https://bioquanti.netlify.app/uploads/textbook/pastagens</link>
     <title>Bioquímica básica, de gente, de bicho, e de planta - 26&amp;nbsp; Bioquímica de Pastagens e Forrageiras</title>
     <description>Bioquímica básica, de gente, de bicho, e de planta - 26&amp;nbsp; Bioquímica de Pastagens e Forrageiras</description>
     <ror:updatePeriod></ror:updatePeriod>
     <ror:sortOrder>2</ror:sortOrder>
     <ror:resourceOf>sitemap</ror:resourceOf>
</item>
<item>
     <link>https://bioquanti.netlify.app/uploads/textbook/metablipid</link>
     <title>Bioquímica básica, de gente, de bicho, e de planta - 22&amp;nbsp; Metabolismo de Lipídios</title>
     <description>Bioquímica básica, de gente, de bicho, e de planta - 22&amp;nbsp; Metabolismo de Lipídios</description>
     <ror:updatePeriod></ror:updatePeriod>
     <ror:sortOrder>2</ror:sortOrder>
     <ror:resourceOf>sitemap</ror:resourceOf>
</item>
<item>
     <link>https://bioquanti.netlify.app/uploads/textbook/metabcol</link>
     <title>Bioquímica básica, de gente, de bicho, e de planta - 23&amp;nbsp; Metabolismo de Colesterol</title>
     <description>Bioquímica básica, de gente, de bicho, e de planta - 23&amp;nbsp; Metabolismo de Colesterol</description>
     <ror:updatePeriod></ror:updatePeriod>
     <ror:sortOrder>2</ror:sortOrder>
     <ror:resourceOf>sitemap</ror:resourceOf>
</item>
<item>
     <link>https://bioquanti.netlify.app/uploads/textbook/transplipid</link>
     <title>Bioquímica básica, de gente, de bicho, e de planta - 24&amp;nbsp; Transporte Lipídico</title>
     <description>Bioquímica básica, de gente, de bicho, e de planta - 24&amp;nbsp; Transporte Lipídico</description>
     <ror:updatePeriod></ror:updatePeriod>
     <ror:sortOrder>2</ror:sortOrder>
     <ror:resourceOf>sitemap</ror:resourceOf>
</item>
<item>
     <link>https://bioquanti.netlify.app/uploads/textbook/metabaa</link>
     <title>Bioquímica básica, de gente, de bicho, e de planta - 25&amp;nbsp; Metabolismo de Aminoácidos</title>
     <description>Bioquímica básica, de gente, de bicho, e de planta - 25&amp;nbsp; Metabolismo de Aminoácidos</description>
     <ror:updatePeriod></ror:updatePeriod>
     <ror:sortOrder>2</ror:sortOrder>
     <ror:resourceOf>sitemap</ror:resourceOf>
</item>
<item>
     <link>https://bioquanti.netlify.app/uploads/textbook/ureia</link>
     <title>Bioquímica básica, de gente, de bicho, e de planta - 26&amp;nbsp; Ciclo da Ureia</title>
     <description>Bioquímica básica, de gente, de bicho, e de planta - 26&amp;nbsp; Ciclo da Ureia</description>
     <ror:updatePeriod></ror:updatePeriod>
     <ror:sortOrder>2</ror:sortOrder>
     <ror:resourceOf>sitemap</ror:resourceOf>
</item>
<item>
     <link>https://bioquanti.netlify.app/uploads/textbook/nucleotidios</link>
     <title>Bioquímica básica, de gente, de bicho, e de planta - 27&amp;nbsp; Metabolismo de Nucleotídios</title>
     <description>Bioquímica básica, de gente, de bicho, e de planta - 27&amp;nbsp; Metabolismo de Nucleotídios</description>
     <ror:updatePeriod></ror:updatePeriod>
     <ror:sortOrder>2</ror:sortOrder>
     <ror:resourceOf>sitemap</ror:resourceOf>
</item>
<item>
     <link>https://bioquanti.netlify.app/uploads/textbook/transducao</link>
     <title>Bioquímica básica, de gente, de bicho, e de planta - 28&amp;nbsp; Transdução de Sinais</title>
     <description>Bioquímica básica, de gente, de bicho, e de planta - 28&amp;nbsp; Transdução de Sinais</description>
     <ror:updatePeriod></ror:updatePeriod>
     <ror:sortOrder>2</ror:sortOrder>
     <ror:resourceOf>sitemap</ror:resourceOf>
</item>
<item>
     <link>https://bioquanti.netlify.app/uploads/textbook/insulglicag</link>
     <title>Bioquímica básica, de gente, de bicho, e de planta - 29&amp;nbsp; Insulina e Glicagon</title>
     <description>Bioquímica básica, de gente, de bicho, e de planta - 29&amp;nbsp; Insulina e Glicagon</description>
     <ror:updatePeriod></ror:updatePeriod>
     <ror:sortOrder>2</ror:sortOrder>
     <ror:resourceOf>sitemap</ror:resourceOf>
</item>
<item>
     <link>https://bioquanti.netlify.app/uploads/textbook/jejum</link>
     <title>Bioquímica básica, de gente, de bicho, e de planta - 30&amp;nbsp; Metabolismo na Absorção, Jejum, Estresse e Trauma</title>
     <description>Bioquímica básica, de gente, de bicho, e de planta - 30&amp;nbsp; Metabolismo na Absorção, Jejum, Estresse e Trauma</description>
     <ror:updatePeriod></ror:updatePeriod>
     <ror:sortOrder>2</ror:sortOrder>
     <ror:resourceOf>sitemap</ror:resourceOf>
</item>
<item>
     <link>https://bioquanti.netlify.app/uploads/textbook/hipoglic</link>
     <title>Bioquímica básica, de gente, de bicho, e de planta - 31&amp;nbsp; Metabolismo na Hipoglicemia, Obesidade, Gestação e Lactação</title>
     <description>Bioquímica básica, de gente, de bicho, e de planta - 31&amp;nbsp; Metabolismo na Hipoglicemia, Obesidade, Gestação e Lactação</description>
     <ror:updatePeriod></ror:updatePeriod>
     <ror:sortOrder>2</ror:sortOrder>
     <ror:resourceOf>sitemap</ror:resourceOf>
</item>
<item>
     <link>https://bioquanti.netlify.app/uploads/textbook/gestacao</link>
     <title>Bioquímica básica, de gente, de bicho, e de planta - 37&amp;nbsp; Bioquímica da Gestação</title>
     <description>Bioquímica básica, de gente, de bicho, e de planta - 37&amp;nbsp; Bioquímica da Gestação</description>
     <ror:updatePeriod></ror:updatePeriod>
     <ror:sortOrder>2</ror:sortOrder>
     <ror:resourceOf>sitemap</ror:resourceOf>
</item>
<item>
     <link>https://bioquanti.netlify.app/uploads/textbook/leite</link>
     <title>Bioquímica básica, de gente, de bicho, e de planta - 38&amp;nbsp; Bioquímica do Leite</title>
     <description>Bioquímica básica, de gente, de bicho, e de planta - 38&amp;nbsp; Bioquímica do Leite</description>
     <ror:updatePeriod></ror:updatePeriod>
     <ror:sortOrder>2</ror:sortOrder>
     <ror:resourceOf>sitemap</ror:resourceOf>
</item>
<item>
     <link>https://bioquanti.netlify.app/uploads/textbook/nutric</link>
     <title>Bioquímica básica, de gente, de bicho, e de planta - 32&amp;nbsp; Metabolismo &amp;amp; Nutrição</title>
     <description>Bioquímica básica, de gente, de bicho, e de planta - 32&amp;nbsp; Metabolismo &amp;amp; Nutrição</description>
     <ror:updatePeriod></ror:updatePeriod>
     <ror:sortOrder>2</ror:sortOrder>
     <ror:resourceOf>sitemap</ror:resourceOf>
</item>
<item>
     <link>https://bioquanti.netlify.app/uploads/textbook/exercicio1</link>
     <title>Bioquímica básica, de gente, de bicho, e de planta - 36&amp;nbsp; Metabolismo do Músculo e do Exercício Físico - As Rotas</title>
     <description>Bioquímica básica, de gente, de bicho, e de planta - 36&amp;nbsp; Metabolismo do Músculo e do Exercício Físico - As Rotas</description>
     <ror:updatePeriod></ror:updatePeriod>
     <ror:sortOrder>2</ror:sortOrder>
     <ror:resourceOf>sitemap</ror:resourceOf>
</item>
<item>
     <link>https://bioquanti.netlify.app/uploads/textbook/exercicio2</link>
     <title>Bioquímica básica, de gente, de bicho, e de planta - 37&amp;nbsp; Metabolismo do Músculo e do Exercício Físico – Os estados</title>
     <description>Bioquímica básica, de gente, de bicho, e de planta - 37&amp;nbsp; Metabolismo do Músculo e do Exercício Físico – Os estados</description>
     <ror:updatePeriod></ror:updatePeriod>
     <ror:sortOrder>2</ror:sortOrder>
     <ror:resourceOf>sitemap</ror:resourceOf>
</item>
<item>
     <link>https://bioquanti.netlify.app/uploads/textbook/exercanimal</link>
     <title>Bioquímica básica, de gente, de bicho, e de planta - 49&amp;nbsp; Exercício em Animais de Competição</title>
     <description>Bioquímica básica, de gente, de bicho, e de planta - 49&amp;nbsp; Exercício em Animais de Competição</description>
     <ror:updatePeriod></ror:updatePeriod>
     <ror:sortOrder>2</ror:sortOrder>
     <ror:resourceOf>sitemap</ror:resourceOf>
</item>
<item>
     <link>https://bioquanti.netlify.app/uploads/textbook/alimprot</link>
     <title>Bioquímica básica, de gente, de bicho, e de planta - 40&amp;nbsp; Fontes Proteicas na Alimentação</title>
     <description>Bioquímica básica, de gente, de bicho, e de planta - 40&amp;nbsp; Fontes Proteicas na Alimentação</description>
     <ror:updatePeriod></ror:updatePeriod>
     <ror:sortOrder>2</ror:sortOrder>
     <ror:resourceOf>sitemap</ror:resourceOf>
</item>
<item>
     <link>https://bioquanti.netlify.app/uploads/textbook/dietas</link>
     <title>Bioquímica básica, de gente, de bicho, e de planta - 33&amp;nbsp; Metabolismo &amp;amp; Dietas</title>
     <description>Bioquímica básica, de gente, de bicho, e de planta - 33&amp;nbsp; Metabolismo &amp;amp; Dietas</description>
     <ror:updatePeriod></ror:updatePeriod>
     <ror:sortOrder>2</ror:sortOrder>
     <ror:resourceOf>sitemap</ror:resourceOf>
</item>
<item>
     <link>https://bioquanti.netlify.app/uploads/textbook/nutrianimal</link>
     <title>Bioquímica básica, de gente, de bicho, e de planta - 42&amp;nbsp; Nutrição de Animais de Produção</title>
     <description>Bioquímica básica, de gente, de bicho, e de planta - 42&amp;nbsp; Nutrição de Animais de Produção</description>
     <ror:updatePeriod></ror:updatePeriod>
     <ror:sortOrder>2</ror:sortOrder>
     <ror:resourceOf>sitemap</ror:resourceOf>
</item>
<item>
     <link>https://bioquanti.netlify.app/uploads/textbook/racoes</link>
     <title>Bioquímica básica, de gente, de bicho, e de planta - 45&amp;nbsp; Bioquímica de Rações</title>
     <description>Bioquímica básica, de gente, de bicho, e de planta - 45&amp;nbsp; Bioquímica de Rações</description>
     <ror:updatePeriod></ror:updatePeriod>
     <ror:sortOrder>2</ror:sortOrder>
     <ror:resourceOf>sitemap</ror:resourceOf>
</item>
<item>
     <link>https://bioquanti.netlify.app/uploads/textbook/paramenerg</link>
     <title>Bioquímica básica, de gente, de bicho, e de planta - 46&amp;nbsp; Parâmetros Energéticos em Nutrição Animal</title>
     <description>Bioquímica básica, de gente, de bicho, e de planta - 46&amp;nbsp; Parâmetros Energéticos em Nutrição Animal</description>
     <ror:updatePeriod></ror:updatePeriod>
     <ror:sortOrder>2</ror:sortOrder>
     <ror:resourceOf>sitemap</ror:resourceOf>
</item>
<item>
     <link>https://bioquanti.netlify.app/uploads/textbook/probioticos</link>
     <title>Bioquímica básica, de gente, de bicho, e de planta - 43&amp;nbsp; Probióticos e Prebióticos</title>
     <description>Bioquímica básica, de gente, de bicho, e de planta - 43&amp;nbsp; Probióticos e Prebióticos</description>
     <ror:updatePeriod></ror:updatePeriod>
     <ror:sortOrder>2</ror:sortOrder>
     <ror:resourceOf>sitemap</ror:resourceOf>
</item>
<item>
     <link>https://bioquanti.netlify.app/uploads/textbook/diabetes</link>
     <title>Bioquímica básica, de gente, de bicho, e de planta - 34&amp;nbsp; Diabetes</title>
     <description>Bioquímica básica, de gente, de bicho, e de planta - 34&amp;nbsp; Diabetes</description>
     <ror:updatePeriod></ror:updatePeriod>
     <ror:sortOrder>2</ror:sortOrder>
     <ror:resourceOf>sitemap</ror:resourceOf>
</item>
<item>
     <link>https://bioquanti.netlify.app/uploads/textbook/envelhec</link>
     <title>Bioquímica básica, de gente, de bicho, e de planta - 45&amp;nbsp; Bioquímica do Envelhecimento</title>
     <description>Bioquímica básica, de gente, de bicho, e de planta - 45&amp;nbsp; Bioquímica do Envelhecimento</description>
     <ror:updatePeriod></ror:updatePeriod>
     <ror:sortOrder>2</ror:sortOrder>
     <ror:resourceOf>sitemap</ror:resourceOf>
</item>
<item>
     <link>https://bioquanti.netlify.app/uploads/textbook/alcool</link>
     <title>Bioquímica básica, de gente, de bicho, e de planta - 35&amp;nbsp; Mebolismo do Etanol</title>
     <description>Bioquímica básica, de gente, de bicho, e de planta - 35&amp;nbsp; Mebolismo do Etanol</description>
     <ror:updatePeriod></ror:updatePeriod>
     <ror:sortOrder>2</ror:sortOrder>
     <ror:resourceOf>sitemap</ror:resourceOf>
</item>
<item>
     <link>https://bioquanti.netlify.app/uploads/textbook/silo</link>
     <title>Bioquímica básica, de gente, de bicho, e de planta - 50&amp;nbsp; Bioquímica do Silo e do Feno</title>
     <description>Bioquímica básica, de gente, de bicho, e de planta - 50&amp;nbsp; Bioquímica do Silo e do Feno</description>
     <ror:updatePeriod></ror:updatePeriod>
     <ror:sortOrder>2</ror:sortOrder>
     <ror:resourceOf>sitemap</ror:resourceOf>
</item>
<item>
     <link>https://bioquanti.netlify.app/uploads/textbook/carnes</link>
     <title>Bioquímica básica, de gente, de bicho, e de planta - 51&amp;nbsp; Bioquímica da Carne e dos Pescados</title>
     <description>Bioquímica básica, de gente, de bicho, e de planta - 51&amp;nbsp; Bioquímica da Carne e dos Pescados</description>
     <ror:updatePeriod></ror:updatePeriod>
     <ror:sortOrder>2</ror:sortOrder>
     <ror:resourceOf>sitemap</ror:resourceOf>
</item>
<item>
     <link>https://bioquanti.netlify.app/uploads/textbook/ovos</link>
     <title>Bioquímica básica, de gente, de bicho, e de planta - 52&amp;nbsp; Bioquímica de Ovos</title>
     <description>Bioquímica básica, de gente, de bicho, e de planta - 52&amp;nbsp; Bioquímica de Ovos</description>
     <ror:updatePeriod></ror:updatePeriod>
     <ror:sortOrder>2</ror:sortOrder>
     <ror:resourceOf>sitemap</ror:resourceOf>
</item>
<item>
     <link>https://bioquanti.netlify.app/uploads/textbook/couro</link>
     <title>Bioquímica básica, de gente, de bicho, e de planta - 53&amp;nbsp; Bioquímica de Couro e de Peles</title>
     <description>Bioquímica básica, de gente, de bicho, e de planta - 53&amp;nbsp; Bioquímica de Couro e de Peles</description>
     <ror:updatePeriod></ror:updatePeriod>
     <ror:sortOrder>2</ror:sortOrder>
     <ror:resourceOf>sitemap</ror:resourceOf>
</item>
<item>
     <link>https://bioquanti.netlify.app/uploads/textbook/biorremed</link>
     <title>Bioquímica básica, de gente, de bicho, e de planta - 54&amp;nbsp; Biorremediação</title>
     <description>Bioquímica básica, de gente, de bicho, e de planta - 54&amp;nbsp; Biorremediação</description>
     <ror:updatePeriod></ror:updatePeriod>
     <ror:sortOrder>2</ror:sortOrder>
     <ror:resourceOf>sitemap</ror:resourceOf>
</item>
<item>
     <link>https://bioquanti.netlify.app/uploads/textbook/biotecnol</link>
     <title>Bioquímica básica, de gente, de bicho, e de planta - 59&amp;nbsp; Alguma Biotecnologia</title>
     <description>Bioquímica básica, de gente, de bicho, e de planta - 59&amp;nbsp; Alguma Biotecnologia</description>
     <ror:updatePeriod></ror:updatePeriod>
     <ror:sortOrder>2</ror:sortOrder>
     <ror:resourceOf>sitemap</ror:resourceOf>
</item>
<item>
     <link>https://bioquanti.netlify.app/uploads/textbook/introducao</link>
     <title>Bioquímica básica, de gente, de bicho, e de planta - INTRODUÇÃO</title>
     <description>Bioquímica básica, de gente, de bicho, e de planta - INTRODUÇÃO</description>
     <ror:updatePeriod></ror:updatePeriod>
     <ror:sortOrder>2</ror:sortOrder>
     <ror:resourceOf>sitemap</ror:resourceOf>
</item>
<item>
     <link>https://bioquanti.netlify.app/uploads/erbook/intro</link>
     <title>ERtools - Projetos</title>
     <description>ERtools - Projetos</description>
     <ror:updatePeriod></ror:updatePeriod>
     <ror:sortOrder>2</ror:sortOrder>
     <ror:resourceOf>sitemap</ror:resourceOf>
</item>
<item>
     <link>https://bioquanti.netlify.app/uploads/erbook/projetos</link>
     <title>Produção de Documentos Dinâmicos Com R &amp;amp; RStudio - 2&amp;nbsp; Introdução</title>
     <description>Produção de Documentos Dinâmicos Com R &amp;amp; RStudio - 2&amp;nbsp; Introdução</description>
     <ror:updatePeriod></ror:updatePeriod>
     <ror:sortOrder>2</ror:sortOrder>
     <ror:resourceOf>sitemap</ror:resourceOf>
</item>
<item>
     <link>https://bioquanti.netlify.app/uploads/erbook/contrver</link>
     <title>ERtools - 3&amp;nbsp; Controle de versões</title>
     <description>ERtools - 3&amp;nbsp; Controle de versões</description>
     <ror:updatePeriod></ror:updatePeriod>
     <ror:sortOrder>2</ror:sortOrder>
     <ror:resourceOf>sitemap</ror:resourceOf>
</item>
<item>
     <link>https://bioquanti.netlify.app/uploads/erbook/chunks</link>
     <title>ERtools - 4&amp;nbsp; Códigos</title>
     <description>ERtools - 4&amp;nbsp; Códigos</description>
     <ror:updatePeriod></ror:updatePeriod>
     <ror:sortOrder>2</ror:sortOrder>
     <ror:resourceOf>sitemap</ror:resourceOf>
</item>
<item>
     <link>https://bioquanti.netlify.app/uploads/erbook/cabecalho</link>
     <title>ERtools - 5&amp;nbsp; Cabeçalho</title>
     <description>ERtools - 5&amp;nbsp; Cabeçalho</description>
     <ror:updatePeriod></ror:updatePeriod>
     <ror:sortOrder>2</ror:sortOrder>
     <ror:resourceOf>sitemap</ror:resourceOf>
</item>
<item>
     <link>https://bioquanti.netlify.app/uploads/erbook/elementos</link>
     <title>ERtools - Elementos</title>
     <description>ERtools - Elementos</description>
     <ror:updatePeriod></ror:updatePeriod>
     <ror:sortOrder>2</ror:sortOrder>
     <ror:resourceOf>sitemap</ror:resourceOf>
</item>
<item>
     <link>https://bioquanti.netlify.app/uploads/erbook/links</link>
     <title>ERtools - 6&amp;nbsp; Links</title>
     <description>ERtools - 6&amp;nbsp; Links</description>
     <ror:updatePeriod></ror:updatePeriod>
     <ror:sortOrder>2</ror:sortOrder>
     <ror:resourceOf>sitemap</ror:resourceOf>
</item>
<item>
     <link>https://bioquanti.netlify.app/uploads/erbook/figuras</link>
     <title>ERtools - 7&amp;nbsp; Figuras</title>
     <description>ERtools - 7&amp;nbsp; Figuras</description>
     <ror:updatePeriod></ror:updatePeriod>
     <ror:sortOrder>2</ror:sortOrder>
     <ror:resourceOf>sitemap</ror:resourceOf>
</item>
<item>
     <link>https://bioquanti.netlify.app/uploads/erbook/graficos</link>
     <title>ERtools - 8&amp;nbsp; Gráficos</title>
     <description>ERtools - 8&amp;nbsp; Gráficos</description>
     <ror:updatePeriod></ror:updatePeriod>
     <ror:sortOrder>2</ror:sortOrder>
     <ror:resourceOf>sitemap</ror:resourceOf>
</item>
<item>
     <link>https://bioquanti.netlify.app/uploads/erbook/tidyverse</link>
     <title>ERtools - 9&amp;nbsp; Tidyverse</title>
     <description>ERtools - 9&amp;nbsp; Tidyverse</description>
     <ror:updatePeriod></ror:updatePeriod>
     <ror:sortOrder>2</ror:sortOrder>
     <ror:resourceOf>sitemap</ror:resourceOf>
</item>
<item>
     <link>https://bioquanti.netlify.app/uploads/erbook/tabelas</link>
     <title>ERtools - 10&amp;nbsp; Tabelas</title>
     <description>ERtools - 10&amp;nbsp; Tabelas</description>
     <ror:updatePeriod></ror:updatePeriod>
     <ror:sortOrder>2</ror:sortOrder>
     <ror:resourceOf>sitemap</ror:resourceOf>
</item>
<item>
     <link>https://bioquanti.netlify.app/uploads/erbook/equacoes</link>
     <title>ERtools - 11&amp;nbsp; Equações</title>
     <description>ERtools - 11&amp;nbsp; Equações</description>
     <ror:updatePeriod></ror:updatePeriod>
     <ror:sortOrder>2</ror:sortOrder>
     <ror:resourceOf>sitemap</ror:resourceOf>
</item>
<item>
     <link>https://bioquanti.netlify.app/uploads/erbook/diagramas</link>
     <title>ERtools - 12&amp;nbsp; Diagramas</title>
     <description>ERtools - 12&amp;nbsp; Diagramas</description>
     <ror:updatePeriod></ror:updatePeriod>
     <ror:sortOrder>2</ror:sortOrder>
     <ror:resourceOf>sitemap</ror:resourceOf>
</item>
<item>
     <link>https://bioquanti.netlify.app/uploads/erbook/refscruzadas</link>
     <title>ERtools - 13&amp;nbsp; Referenciação</title>
     <description>ERtools - 13&amp;nbsp; Referenciação</description>
     <ror:updatePeriod></ror:updatePeriod>
     <ror:sortOrder>2</ror:sortOrder>
     <ror:resourceOf>sitemap</ror:resourceOf>
</item>
<item>
     <link>https://bioquanti.netlify.app/uploads/erbook/bibliografia</link>
     <title>Produção de Documentos Dinâmicos Com R &amp;amp; RStudio - 14&amp;nbsp; Lista de Referências</title>
     <description>Produção de Documentos Dinâmicos Com R &amp;amp; RStudio - 14&amp;nbsp; Lista de Referências</description>
     <ror:updatePeriod></ror:updatePeriod>
     <ror:sortOrder>2</ror:sortOrder>
     <ror:resourceOf>sitemap</ror:resourceOf>
</item>
<item>
     <link>https://bioquanti.netlify.app/uploads/erbook/quantidades</link>
     <title>ERtools - Quantidades</title>
     <description>ERtools - Quantidades</description>
     <ror:updatePeriod></ror:updatePeriod>
     <ror:sortOrder>2</ror:sortOrder>
     <ror:resourceOf>sitemap</ror:resourceOf>
</item>
<item>
     <link>https://bioquanti.netlify.app/uploads/erbook/acoes</link>
     <title>ERtools - 15&amp;nbsp; Ações</title>
     <description>ERtools - 15&amp;nbsp; Ações</description>
     <ror:updatePeriod></ror:updatePeriod>
     <ror:sortOrder>2</ror:sortOrder>
     <ror:resourceOf>sitemap</ror:resourceOf>
</item>
<item>
     <link>https://bioquanti.netlify.app/uploads/erbook/carrega</link>
     <title>ERtools - 16&amp;nbsp; Carregamento de dados</title>
     <description>ERtools - 16&amp;nbsp; Carregamento de dados</description>
     <ror:updatePeriod></ror:updatePeriod>
     <ror:sortOrder>2</ror:sortOrder>
     <ror:resourceOf>sitemap</ror:resourceOf>
</item>
<item>
     <link>https://bioquanti.netlify.app/uploads/erbook/estatisticas</link>
     <title>ERtools - 17&amp;nbsp; Estatísticas</title>
     <description>ERtools - 17&amp;nbsp; Estatísticas</description>
     <ror:updatePeriod></ror:updatePeriod>
     <ror:sortOrder>2</ror:sortOrder>
     <ror:resourceOf>sitemap</ror:resourceOf>
</item>
<item>
     <link>https://bioquanti.netlify.app/uploads/erbook/funcoes</link>
     <title>ERtools - 18&amp;nbsp; Funções</title>
     <description>ERtools - 18&amp;nbsp; Funções</description>
     <ror:updatePeriod></ror:updatePeriod>
     <ror:sortOrder>2</ror:sortOrder>
     <ror:resourceOf>sitemap</ror:resourceOf>
</item>
<item>
     <link>https://bioquanti.netlify.app/uploads/erbook/ajustes</link>
     <title>ERtools - 19&amp;nbsp; Ajustes de Dados</title>
     <description>ERtools - 19&amp;nbsp; Ajustes de Dados</description>
     <ror:updatePeriod></ror:updatePeriod>
     <ror:sortOrder>2</ror:sortOrder>
     <ror:resourceOf>sitemap</ror:resourceOf>
</item>
<item>
     <link>https://bioquanti.netlify.app/uploads/erbook/receitas</link>
     <title>ERtools - 20&amp;nbsp; Algumas receitas matemáticas</title>
     <description>ERtools - 20&amp;nbsp; Algumas receitas matemáticas</description>
     <ror:updatePeriod></ror:updatePeriod>
     <ror:sortOrder>2</ror:sortOrder>
     <ror:resourceOf>sitemap</ror:resourceOf>
</item>
<item>
     <link>https://bioquanti.netlify.app/uploads/erbook/exemplos</link>
     <title>ERtools - 21&amp;nbsp; Exemplos</title>
     <description>ERtools - 21&amp;nbsp; Exemplos</description>
     <ror:updatePeriod></ror:updatePeriod>
     <ror:sortOrder>2</ror:sortOrder>
     <ror:resourceOf>sitemap</ror:resourceOf>
</item>
<item>
     <link>https://bioquanti.netlify.app/uploads/erbook/mais</link>
     <title>ERtools - Mais</title>
     <description>ERtools - Mais</description>
     <ror:updatePeriod></ror:updatePeriod>
     <ror:sortOrder>2</ror:sortOrder>
     <ror:resourceOf>sitemap</ror:resourceOf>
</item>
<item>
     <link>https://bioquanti.netlify.app/uploads/erbook/pacotes</link>
     <title>ERtools - 22&amp;nbsp; Pacotes</title>
     <description>ERtools - 22&amp;nbsp; Pacotes</description>
     <ror:updatePeriod></ror:updatePeriod>
     <ror:sortOrder>2</ror:sortOrder>
     <ror:resourceOf>sitemap</ror:resourceOf>
</item>
<item>
     <link>https://bioquanti.netlify.app/uploads/erbook/animacoes2</link>
     <title>ERtools - 23&amp;nbsp; Animações</title>
     <description>ERtools - 23&amp;nbsp; Animações</description>
     <ror:updatePeriod></ror:updatePeriod>
     <ror:sortOrder>2</ror:sortOrder>
     <ror:resourceOf>sitemap</ror:resourceOf>
</item>
<item>
     <link>https://bioquanti.netlify.app/uploads/erbook/programacao</link>
     <title>ERtools - 24&amp;nbsp; Testes condicionais e laços</title>
     <description>ERtools - 24&amp;nbsp; Testes condicionais e laços</description>
     <ror:updatePeriod></ror:updatePeriod>
     <ror:sortOrder>2</ror:sortOrder>
     <ror:resourceOf>sitemap</ror:resourceOf>
</item>
<item>
     <link>https://bioquanti.netlify.app/uploads/erbook/docs_exemplo</link>
     <title>ERtools - 25&amp;nbsp; Documentos exemplificados</title>
     <description>ERtools - 25&amp;nbsp; Documentos exemplificados</description>
     <ror:updatePeriod></ror:updatePeriod>
     <ror:sortOrder>2</ror:sortOrder>
     <ror:resourceOf>sitemap</ror:resourceOf>
</item>
<item>
     <link>https://bioquanti.netlify.app/uploads/erbook/references</link>
     <title>ERtools - Referências</title>
     <description>ERtools - Referências</description>
     <ror:updatePeriod></ror:updatePeriod>
     <ror:sortOrder>2</ror:sortOrder>
     <ror:resourceOf>sitemap</ror:resourceOf>
</item>
<item>
     <link>https://bioquanti.netlify.app/uploads/textbook/estrutura</link>
     <title>Bioquímica básica, de gente, de bicho, e de planta - ESTRUTURA</title>
     <description>Bioquímica básica, de gente, de bicho, e de planta - ESTRUTURA</description>
     <ror:updatePeriod></ror:updatePeriod>
     <ror:sortOrder>3</ror:sortOrder>
     <ror:resourceOf>sitemap</ror:resourceOf>
</item>
<item>
     <link>https://bioquanti.netlify.app/uploads/textbook/metabolismo</link>
     <title>Bioquímica básica, de gente, de bicho, e de planta - METABOLISMO</title>
     <description>Bioquímica básica, de gente, de bicho, e de planta - METABOLISMO</description>
     <ror:updatePeriod></ror:updatePeriod>
     <ror:sortOrder>3</ror:sortOrder>
     <ror:resourceOf>sitemap</ror:resourceOf>
</item>
<item>
     <link>https://bioquanti.netlify.app/uploads/textbook/integracao</link>
     <title>Bioquímica básica, de gente, de bicho, e de planta - INTEGRAÇÃO</title>
     <description>Bioquímica básica, de gente, de bicho, e de planta - INTEGRAÇÃO</description>
     <ror:updatePeriod></ror:updatePeriod>
     <ror:sortOrder>3</ror:sortOrder>
     <ror:resourceOf>sitemap</ror:resourceOf>
</item>
</channel>
</rss>
  